,name,link,city,country,rating,description
0,Atrium Platinum Luxury Resort Hotel & Spa 5*,https://www.tury.ru/hotel/id/101266-atrium-platinum-luxury-resort-hotel-spa-rhodes-greece?mpdf=&mpdt=&mpnf=0&mpnt=0,Родос,Греция,10.0,"Отель Atrium Platinum Resort & Spa (Атриум Платинум Резорт энд Спа) 5* расположен на западном побережье острова Родос, в 200 метрах от прекрасного галечного пляжа Иксия с кристально чистой водой. Недалеко расположен центр Иксии с различными магазинами и ресторанами. Старый город Родос, потрясающий средневековый город, объявленный объектом Всемирного наследия, где когда-то возвышалась величественная статуя Колосса Родосского - одного из семи Чудес Света, находится всего в 3 км от отеля. До аэропорта Диагорас - около 10 км."
1,InterContinental London Park Lane 5*,https://www.tury.ru/hotel/id/33663-intercontinental-london-park-lane-greater-london-great-britain?mpdf=&mpdt=&mpnf=0&mpnt=0,Большой Лондон,Великобритания,10.0,
2,The Westin Palace 5*,https://www.tury.ru/hotel/id/408802-the-westin-palace-madrid-gorod-spain?mpdf=&mpdt=&mpnf=0&mpnt=0,Мадрид (город),Испания,10.0,"The Westin Palace (Зе Вестин Пэлас) 5* расположен около музея Прадо, в окружении исторических памятников и лучших ресторанов города, которые специализируются на традиционных испанских закусках; в 14 км от аэропорта Барахас. «Золотой перечень 2008 года» журнала Conde Nast Traveler оценил Вестин Палас Мадрид как лучший отель Испании. Отель был построен в 1912 году по указу самого короля Альфонса XIII. Величественное здание, увенчанное огромным витражным стеклянным куполом, было центром испанского общества на протяжении почти 100 лет. В обширном списке предоставляемых услуг имеются комнаты для деловых встреч, рестораны, бары, магазины, салон красоты и фитнесс-центр WestinWORKOUT с видом на город."
3,Blue Palace a Luxury Collection Resort & Spa 5*,https://www.tury.ru/hotel/id/55513-blue-palace-a-luxury-collection-resort-spa-elounda-greece?mpdf=&mpdt=&mpnf=0&mpnt=0,Элунда,Греция,9.83,
4,Ayana Resort and SPA 5*,https://www.tury.ru/hotel/id/72489-ayana-resort-and-spa-jimbaran-indonesia?mpdf=&mpdt=&mpnf=0&mpnt=0,Джимбаран,Индонезия,9.77,"Отель Ayana Resort & SPA 5*(Айана Ресорт энд СПА 5*, бывший The Ritz Carlton Bali Resort & Spa - Ритц Карлтон Бали Ресорт энд СПА) расположен на юго-западном побережье острова Бали, в районе бухты Jimbaran, в 10 км (15 минутах езды) от международного аэропорта Ngurah Rai в Денпасаре.На склонах живописных скал, спускающихся к прозрачным водам Индийского океана, расположился фешенебельный комплекс Ayana Resort and Spa Индонезия, занимающий 77 гектаров пышных тропических садов с изящными зданиями в индонезийском стиле, уютными павильонами, сверкающими бассейнами, водопадами и прудами с лотосом. В просторных комфортабельных номерах и виллах — элегантные интерьеры, сочетающие современный дизайн и традиции острова Бали.Ayana Resort and Spa располагает великолепным Центром Bali Thalasso & Spa с уникальным талассо-бассейном Aquatonic и ультрасовременными условиями для всевозможных косметологических, гидротерапевтических и СПА процедур. Также на территории отеля находятся: 4 бассейна с водопадами, 3 теннисных корта, гольф-поле на 18 лунок, центр водного спорта, фитнес-центр. Для маленьких гостей есть детский бассейн с горками, работает клуб The Kids, представляющий различные анимационные программы. 12 ресторанов и баров Ayana Resort and Spa способны удовлетворить самые взыскательные вкусы: от разнообразия интернациональных блюд, деликатесов японской, тайской и итальянской кухонь до экзотических индонезийских яств и свежайших морепродуктов, а также — богатая коллекция вин, мартини и тропических коктейлей. К услугам гостей — 3 конференц-зала, просторный бальный зал, бизнес-центр, бутики. Ayana Resort and Spa Индонезия представляет прекрасное сочетание самого современного комфорта, изысканной экзотики и изумительной природы острова Бали."
5,Ararat Park Hyatt Moscow hotel 5*,https://www.tury.ru/hotel/id/69962-ararat-park-hyatt-moscow-hotel-russia?mpdf=&mpdt=&mpnf=0&mpnt=0,Москва,Россия,10.0,"Отель Арарат Парк Хаятт Москва (Ararat Park Hyatt Moscow) 5* расположен в самом центре Москвы. Аэропорт Шереметьево находится в 35 км. В пешей доступности находятся такие известные достопримечательности, как Большой Театр, Красная площадь, здание Парламента."
6,Boston Harbor Hotel 5*,https://www.tury.ru/hotel/id/99789-boston-harbor-hotel-boston-massachusetts-usa?mpdf=&mpdt=&mpnf=0&mpnt=0,Бостон (Массачусетс),США,10.0,
7,Ellerman House 5*,https://www.tury.ru/hotel/id/64942-ellerman-house-capetown-rsa?mpdf=&mpdt=&mpnf=0&mpnt=0,Кейптаун,ЮАР,10.0,Отель Ellerman House 5* (Эллерман Хаус 5*) один из основных международных эксклюзивных и приватных мест отдыха. Расположен на побережье Атлантического океана и отделен от шумного Кейп Тауна.
8,Gran Hotel Son Net 5*,https://www.tury.ru/hotel/id/62300-gran-hotel-son-net-puigpunyent-spain?mpdf=&mpdt=&mpnf=0&mpnt=0,Пучпуньент,Испания,10.0,"Gran Hotel Son Net 5* – это изысканный отель класса LUXE на Майорке, замечательная усадьба XVII века, изящно отреставрированная и превратившаяся в отель в горах Серра-де-Трамунтана (внесена ЮНЕСКО в Список всемирного наследия человечества). Бутик-отель отображает сущность майоркского классицизма благодаря просторным и очень светлым номерам, потрясающим панорамам и радушному обслуживанию с индивидуальным подходом. Среди гостей отеля были такие знаменитости, как Рафаэль Надаль, Майкл Дуглас, Джек Николсон, Тони Кросс и многие другие.Отель Son Net получил премию «Most Excellent Hotel Europe & Mediterranean» по версии издания Conde Nast Johansens в 2013 году."
9,Grande Bretagne 5*,https://www.tury.ru/hotel/id/25509-grande-bretagne-athens-greece?mpdf=&mpdt=&mpnf=0&mpnt=0,Афины,Греция,10.0,
10,Lindos Blu 5*,https://www.tury.ru/hotel/id/63027-lindos-blu-lindos-greece?mpdf=&mpdt=&mpnf=0&mpnt=0,Линдос,Греция,10.0,"Отель Lindos Blu 5* (Линдос Блу 5*) расположен на возвышенности с прекрасным видом на море.Это новый отель ,открытие- в июле 2008 года."
11,Posada del Angel 4*,https://www.tury.ru/hotel/id/70995-posada-del-angel-antigua-guatemala-guatemala?mpdf=&mpdt=&mpnf=0&mpnt=0,Антигуа-Гватемала,Гватемала,10.0,
12,Rosewood Tuckers Point 4*,https://www.tury.ru/hotel/id/73866-rosewood-tuckers-point-hamilton-parish-bermuda?mpdf=&mpdt=&mpnf=0&mpnt=0,Гамильтон округ,Бермуды,10.0,
13,Shamwari Game Reserve (Long Lee Manor) 5*,https://www.tury.ru/hotel/id/46479-shamwari-game-reserve-long-lee-manor-shamwari-game-reserve-rsa?mpdf=&mpdt=&mpnf=0&mpnt=0,Заповедник Шамвари,ЮАР,10.0,"Добро пожаловать в Shamwari Game Reserve 5* - частный охотничий заказник, расположенный на востоке ЮАР. Заказник получил многочисленные международные награды, включая World's Leading Conservation Company в течение последних пяти лет. Shamwari Game Reserve - настоящая роскошь, окруженная африканской дикой природой. На территории заповедника расположено 6 лоджей: Long Lee Manor, Lobengula Lodge, Riverdene Lodge, Bushmans River Lodge, Eagles Cragg и Bayethe. Именно здесь в начале XIX века в жаргоне охотников появился термин 'большая пятерка'. К ней относили самых крупных и опасных животных: слона, буйвола, носорога, льва и леопарда. Появление европейцев, обладающих огнестрельным оружием, привело к тому, что почти все они исчезли из этих мест. Но теперь, благодаря усилиям администрации парка, саванны и речные долины Shamwari вновь стали домом для них, а также для многих других животных – гепардов, зебр, бегемотов и многочисленных антилоп (их здесь целых 18 видов!). Здесь они могут чувствовать себя в безопасности: для охраны парка от браконьеров принимаются все меры, включая патрулирование с воздуха. Отель расположен между Порт Элизабет и Grahamstown вдоль реки Bushmans на 20 000 гектарах земли. 50 мин на машине до аэропорта Порт Элизабет. Расположен в зоне - свободной от малярии.Long Lee Manor - особняк в викторианском стиле - был построен в 1910 г. потомками Уильяма Фудса одного из первых английских поселенцев, позднее был восстановлен и расширен. Расположенный среди африканского буша Long Lee Manor дает возможность почувствовать и испытать стиль жизни прошлого столетия, соседствующий с безупречным комфортом и сервисом нынешнего."
14,Swissotel Krasnye Holmy hotel 5*,https://www.tury.ru/hotel/id/68904-swissotel-krasnye-holmy-hotel-moscow-russia?mpdf=&mpdt=&mpnf=0&mpnt=0,Москва,Россия,10.0,
15,The Broadmoor 5*,https://www.tury.ru/hotel/id/90399-the-broadmoor-colorado-usa?mpdf=&mpdt=&mpnf=0&mpnt=0,Колорадо,США,10.0,"The Broadmoor (Броудмур) входит в число лучших отелей мира и до сих пор занимает ведущие позиции в сфере гостиничного бизнеса. Владельцы отеля с самого момента основния стремились создать здесь настоящий архитектурный шедевр, над интерьерами работали лучшие архитекторы и дизайнеры. Особое внимание уделялось созданию непринужденной, домашней атмосферы и организации безупречного обслуживания клиентов. Из Италии был приглашен лучший повар, а один из лучших архитекторов Америки создал роскошное поле для гольфа. Высокий стандарт обслуживания, заданный со времени открытия отеля сохраняется здесь до сих пор. Вот почему каждый, кто побывал здесь хоть раз, стремится вернуться в это живописное место, в роскошные покои этого дивного дворца."
16,The Chatwal Hotel 5*,https://www.tury.ru/hotel/id/100959-the-chatwal-hotel-new-york-city-usa?mpdf=&mpdt=&mpnf=0&mpnt=0,Нью-Йорк,США,10.0,"The Chatwal Hotel (Чатуолни Хотел) находится в историческом здании, построенном в Нью-Йорке в 1905 году архитектором Стэнфордом Уайтом. В былые времена здесь располагался первый профессиональный театральный клуб Америки. А отель Chatwal открыл свои двери для гостей в 2010 году.За дизайн отеля отвечал Тьерри Деспонт. Его идея заключалась в том, чтобы соединить современную роскошь со стилем ар-деко. Подлинные элементы здания - фасад и камины от пола до потолка были восстановлены и включены в интерьеры отеля."
17,The Palace of the Lost City 5*,https://www.tury.ru/hotel/id/46848-the-palace-of-the-lost-city-sun-city-rsa?mpdf=&mpdt=&mpnf=0&mpnt=0,Сан Сити,ЮАР,10.0,"Отель The Palace of the Lost City 5* (Зэ Пэлэс оф зе Лост Сити 5*) - самый лучший отель в городе. Сан Сити (Sun City) - это огромный искусственный курорт, являющийся своеобразной реконструкцией Затерянного Города. На территории комплекса расположено огромное количество аттракций, начиная с римского амфитеатра и озера с огромным числом водных видов спорта и полностью оборудованным пляжем и бассейном, и заканчивая казино, прославившим курорт на весь мир. Как и предполагает название, отель своим видом напоминает дворец древней цивилизации и окружен водой."
18,The Peninsula Tokyo 5*,https://www.tury.ru/hotel/id/75302-the-peninsula-tokyo-japan?mpdf=&mpdt=&mpnf=0&mpnt=0,Токио,Япония,10.0,
19,The Pierre 5*,https://www.tury.ru/hotel/id/78172-the-pierre-new-york-city-usa?mpdf=&mpdt=&mpnf=0&mpnt=0,Нью-Йорк,США,10.0,"The Pierre (Пьер) открылся после очередного ремонта (стоимостью около 100 миллионов долларов) 1 июня 2009 года. Даже в городе, где шикарные отели являются нормой, есть одна гостиница, которая гораздо шикарнее, чем остальные. The Pierre обладает отличнейшим местоположением и легендарной историей и продолжает задавать стандарты элегантности и непревзойденного гостеприимства.В отеле есть зал для бракосочетания."
20,The Plettenberg Hotel 5*,https://www.tury.ru/hotel/id/46478-the-plettenberg-hotel-plettenberg-bay-rsa?mpdf=&mpdt=&mpnf=0&mpnt=0,Плеттенберг Бей,ЮАР,10.0,"Отель The Plettenberg Hotel 5* (Зэ Плеттенберг Отель 5*) расположен в 2,5 часах езды от аэропорта Порт-Элизабета, в 20 км от национального парка Тсисикамма. Непосредственно с террасы отеля или собственного номера с июля по октябрь можно наблюдать за подплывающими к берегу дельфинами и китами."
21,The St. Regis Mexico City 5*,https://www.tury.ru/hotel/id/104335-the-st-regis-mexico-city-mexico?mpdf=&mpdt=&mpnf=0&mpnt=0,Мехико (столица),Мексика,10.0,
22,The St. Regis Princeville Resort 5*,https://www.tury.ru/hotel/id/667413-the-st-regis-princeville-resort-hawaii-islands?mpdf=&mpdt=&mpnf=0&mpnt=0,Принсвилл,Гавайи,10.0,"The St. Regis Princeville Resort 5* находится на северном побережье острова Кауаи, между пляжами Хайдевей и Пуу Поа. Ближайший аэропорт расположен в 5 км от него. Отель предлагает множество возможностей для активного отдыха, экскурсионные программы, прямой доступ к пляжу, отличное СПА и многое другое. В 2012 году он вошел в рейтинг ""Топ 25 Люксовых отелей США"" по версии TripAdvisor."
23,The St. Regis Rome 5*,https://www.tury.ru/hotel/id/58327-the-st-regis-rome-italy?mpdf=&mpdt=&mpnf=0&mpnt=0,Рим,Италия,10.0,"The St. Regis Rome 5* расположен в самом сердце Рима, в 29 км от аэропорта Чампино; на расстоянии пешей прогулки от известных во всем мире достопримечательностей, таких как площадь Испании, фонтан Треви и Via Veneto. Неподалёку находится Колизей, Римский Форум, площадь Навона и галерея магазинов на улице Via Condotti.Отель является воплощением престижа и роскоши. Его последняя реконструкция, стоившая 35 миллионов долларов, позволила ему попасть в Золотой список лучших отелей журнала Conde Nast Traveler.Каждый из 138 номеров и 23 люксов, оформленных в смешении стилей Людовика XV, французского и английского ампира, неповторим и индивидуален. Роскошные ванные комнаты и комфортабельные кровати гарантируют вам королевский отдых."
24,Nirvana Lagoon Villas Suites & SPA 5*,https://www.tury.ru/hotel/id/759657-nirvana-lagoon-villas-suites-spa-beldibi-turkey?mpdf=&mpdt=&mpnf=0&mpnt=0,Бельдиби,Турция,10.0,"Nirvana Lagoon Villas Suites & SPA 5* - новый роскошный отель в курортном поселке Бельдиби. Он располагается в 36 км от аэропорта Антальи на побережье Средиземного моря. Территория отеля - более 15 гектаров, а длина пляжа - 900 метров. Слоган отеля ""Привилегированная жизнь"" находит свое отражение в каждой детали комплекса. Nirvana выгодно отличается как от соседних отелей, так и от прошлых отелей сети Crystal. Все здания здесь элегантно вписаны в природный ландшафт. Хвойные деревья, пальмы и цветы окружают гостей повсюду, создавая приятную прохладу и непередаваемую натуральную атмосферу. Гармоничным дополнением к этому служат Таврские горы, живописный вид на которые открывается почти из любой точки отеля. Большая часть номерного фонда - виллы, стоящие небольшими группами. Каждый такой блок имеет собственный бассейн с баром. Небольшое количество более скромных номеров располагается в главном корпусе. Самый же роскошный вариант, Villa Nirvana, находится вблизи пляжа и располагает собственным пирсом."
25,Regnum Carya Golf & Spa Resort 5*,https://www.tury.ru/hotel/id/759660-regnum-carya-golf-amp-spa-resort-belek-turkey?mpdf=&mpdt=&mpnf=0&mpnt=0,Белек,Турция,10.0,"Regnum Carya Golf And Spa Resort 5* - новый роскошный отель в пригороде Белека, поселке Кадрие. Он находится в 35 км от аэропорта Антальи и всего в километре от города. Отель располагает всеми стандартными удобствами, свойственными 5-звездочным отелям Турции, но не останавливается на этом. Местное поле для гольфа стало первым и пока единственным на континенте полем с освещением. Играть в гольф здесь можно и днем и ночью! Кроме того, с апреля 2014 года начинает свою работу футбольная академия одного из крупнейших футбольных клубов в мире, Chelsea FC."
26,Baltschug Kempinski hotel 5*,https://www.tury.ru/hotel/id/68886-baltschug-kempinski-hotel-moscow-russia?mpdf=&mpdt=&mpnf=0&mpnt=0,Москва,Россия,10.0,"Отель Балчуг Кемпински (Baltschug Kempinski) 5* расположен в центре Москвы, на берегу Москвы-реки, недалеко от Кремля, Красной площади и собора Василия Блаженного."
27,Djibouti Palace Kempinski 5*,https://www.tury.ru/hotel/id/70697-djibouti-palace-kempinski-djibouti-excursion-djibouti?mpdf=&mpdt=&mpnf=0&mpnt=0,Джибути (экскурс.),Джибути,10.0,
28,Gran Bahia Principe Akumal 5*,https://www.tury.ru/hotel/id/73034-gran-bahia-principe-akumal-cancun-mexico?mpdf=&mpdt=&mpnf=0&mpnt=0,Канкун,Мексика,10.0,"Отель Gran Bahia Principe Akumal 5* (Гран Бая Принципе Акумал 5*) принадлежит комплексу Hacienda Dona Isabel и считается одним из лучших отелей на Карибском побережье. Благодаря своей инфраструктуре и отличному расположению отель по праву соответствует свое уровню.Здесь архитектура и природа живут в унисон, дополняя друг другу на радость туристов. От аэропорта Канкуна до отеля час езды, 30 минут до пляжа Кармен и 20 минут до Тулума. Отель предлагает специальные программы для молодоженов."
29,Grecotel Myconos Blu 5*,https://www.tury.ru/hotel/id/25342-grecotel-myconos-blu-mykonos-greece?mpdf=&mpdt=&mpnf=0&mpnt=0,Миконос,Греция,10.0,"Отель Grecotel Myconos Blu Grecotel 5* (Миконос Блу Грекотель 5*) находится на прекрасном песчаном пляже Псару в 3,5 км от города Миконос. Все вокруг удивительно яркое: лазурное небо, ярко бирюзовое море, удивительно спокойное в этой бухте, белоснежные яхты на горизонте, перламутровый белый песок и коричневые горы вокруг. Из окон его номеров открывается великолепный панорамный вид на пляж залива Псару. Роскошный курортный отель внешне украшен в эгейском архитектурном стиле, внутри имеет современную отделку. Отель расположен в 15 минутах от аэропорта Миконоса. Каждый уголок этого удивительного отеля Myconos Blu Grecotel 5* необычен, неповторим, красив и стилен, что характерно и для Миконоса в целом. Если Вы собираетесь в романтическое путешествие или просто хотите внести немного романтики в свою жизнь – лучшего места для отдыха Вам не найти."
30,JW Marriott Essex House New York 5*,https://www.tury.ru/hotel/id/64737-jw-marriott-essex-house-new-york-new-york-state-usa?mpdf=&mpdt=&mpnf=0&mpnt=0,Нью-Йорк штат,США,10.0,"JW Marriott Essex House New York - настоящий памятник архитектуры Нью-Йорка. Не так давно здесь была произведена полная реставрация стоимостью 90 миллионов долларов.В номерах вас ждет обстановка в стиле Арт Деко, высокоскоростной беспроводной Интернет, кабельное телевидение и красивейший вид на Центральный парк и Манхэттен."
31,One and Only Le Saint Geran,https://www.tury.ru/hotel/id/69691-one-and-only-le-saint-geran-belle-mare-mauritius?mpdf=&mpdt=&mpnf=0&mpnt=0,Бель Мар,Маврикий,10.0,
32,Sandals Grande Antigua Resort & Spa 5*,https://www.tury.ru/hotel/id/54356-sandals-grande-antigua-resort-spa-antigua-and-barbuda?mpdf=&mpdt=&mpnf=0&mpnt=0,о.Антигуа,Антигуа и Барбуда,10.0,"Отель Sandals Grande Antigua Resort&Spa расположен на северо-западном побережья острова. Откройте для себя лучшее, что есть на свете по обе стороны Атлантики, в райском уголке, получившем название ""Самого романтического в мире"" пляжа острова Антигуа - Dickenson Bay. Здесь Вы найдёте экзотический мир с пышными тропическими садами Карибской Деревни, с коттеджами Rondovals в ирландском стиле ( необычная округлая форма, конические крыши диаметром 6 м), с салоном Red Lane Spa, предлагающим эксклюзивные спа-услуги. Здесь же находится пятизвёздочная Средиземноморская Деревня - воплощение роскоши и утончённости - исключительно с номерами класса люкс. Шикарные номера Villa Suites, имеющие индивидуальные бассейны, соседствуют с морем и самым большим на острове бассейном с пологим спуском в воду. Вне зависимости от того, какую обстановку Вы предпочтёте, этот отель мирового класса предложит Вам всё, что создано для роскоши и романтики."
33,Sandals Montego Bay 5*,https://www.tury.ru/hotel/id/51122-sandals-montego-bay-jamaica?mpdf=&mpdt=&mpnf=0&mpnt=0,Монтего-Бей,Ямайка,10.0,"Sandals Montego Bay (Сандалс Монтего Бей) - самый первый отель цепочки Sandals. Оживленный, и в то же время спокойный. Непринужденный, но эксклюзивный. Роскошный сад тянется вдоль всего белопесчанного пляжа, являющегося самым длинным частным пляжем Ямайки. С номерами люкс, спа-салоном Red Lane Spa, 7 великолепными ресторанами, самым оживленным баром в бассейне на острове – в этом отеле веселье никогда не кончается. А если Вам хочется покоя, забронируйте тихий и безмятежный Bay Roc Estates, где Вы сможете отдохнуть на укромной прибрежной вилле с новым стандартом роскоши. Это удивительно гостеприимное место с заботливым, как члены одной семьи, штатом сотрудников – это то место, куда многие гости возвращаются год за годом."
34,Sandals Whitehouse European Village & Spa 5*,https://www.tury.ru/hotel/id/54284-sandals-whitehouse-european-village-spa-white-house-jamaica?mpdf=&mpdt=&mpnf=0&mpnt=0,Уайт-Хауз,Ямайка,10.0,
35,Sokos Hotel Palace Bridge  5*,https://www.tury.ru/hotel/id/67349-sokos-hotel-palace-bridge-st-petersburg-russia?mpdf=&mpdt=&mpnf=0&mpnt=0,Санкт-Петербург,Россия,10.0,"Palace Bridge 5* - уникальный отель, который находится на Васильевском острове в историческом центре Санкт-Петербурга. Он назван в честь Дворцового моста, который расположен поблизости, является одним из самых известных в городе и ведет к основным достопримечательностям центра – Эрмитажу, Дворцовой площади, Адмиралтейству, Исаакиевской площади и началу Невского проспекта. Все они находятся в пешей доступности от отеля. Идеально вписанный в исторический интерьер старинного здания, принадлежавшего знаменитой династии Елисеевых, уникальный отель обладает неповторимой атмосферой и впечатляет своими масштабами."
36,The Royal Crescent hotel 5*,https://www.tury.ru/hotel/id/89634-the-royal-crescent-hotel-bath-great-britain?mpdf=&mpdt=&mpnf=0&mpnt=0,Бат,Великобритания,10.0,Отель The Royal Crescent hotel 5* расположен в окрестностях города Бат (Bath).
37,Splendid Conference and SPA Beach Resort 5*,https://www.tury.ru/hotel/id/55507-splendid-conference-and-spa-beach-resort-becici-montenegro?mpdf=&mpdt=&mpnf=0&mpnt=0,Бечичи,Черногория,9.79,"Splendid Conference & SPA Beach Resort 5* (Сплэндил Конференс энд СПА Бич Рэзот) находится в Бечичи, в 3 км от исторической части г. Будва. До аэропорта Тиват - 23 км, до аэропорта в Дубровнике - 73 км. Рядом с отелем есть остановка туристического автопоезда, который ходит до Будвы и остановка туристического паровозика, который ходит в Будву по набережной. Отель входит в цепочку Montenegro Stars Hotels Group, наряду с Montenegro и Blue Stars. Отель Splendid Conference & SPA Beach Resort предлагает сочетание прекрасной природы и комфорта. Элегантный, современный 5* отель возвышается непосредственно на берегу моря в первой линии, располагает своим пляжем (20 м). Великолепные сады и парки окружающие отель создают прекрасную атмосферу для отдыха. Все это в сочетании с неотразимой красотой дикой природы и чистейшего моря. В отеле развитая инфраструктура, рассчитанная на активный пляжный отдых и круглогодичное проведение бизнес мероприятий, собственная профессиональная анимационная команда. В отеле есть возможность организации праздников и банкетов, проведения венчания и медового месяца.В отеле любят останавливаться политики и звезды мировой величины."
38,Conrad Bali Resort and Spa 5*,https://www.tury.ru/hotel/id/28709-conrad-bali-resort-and-spa-indonesia?mpdf=&mpdt=&mpnf=0&mpnt=0,о.Бали,Индонезия,9.77,"Отель Conrad Bali Resort & Spa (Конрад Бали Ресорт энд Спа) 5* расположен на южном побережье острова Бали, в 10 км от аэропорта в непосредственной близости от курорта Нуса-Дуа. Волшебные пляжи из чистейшего кораллового песка, теплая вода Индийского океана, пышные пальмовые рощи - в такой идиллической обстановке расположен этот отель категории ""люкс"", заслуженно считающийся лучшей гостиницы корпорации Hilton Hotels на Бали. Отель славится гармоничным сочетанием современных услуг, изысканного комфорта и национального колорита. Отель занимает комплекс из трех красивых современных зданий. Центральный вход расположен на уровне третьего этажа, в лобби можно зайти, минуя водопад, а из центрального холла открывается великолепный вид на Индийский океан. Территория отеля с уединенными лагунами и 350-метровым пляжем отделена от внешнего мира пышным тропическим садом площадью 6,8 га. Восхитительный садовый ландшафт, где 9500 кв. м бассейнов, речек, прудов, каскадных водопадов, фонтанов в совокупности с цветущими растениями превращают территорию в сказку, добавляя очарования отелю. Отель занимает 6,8 гектаров земли покрытой тропическими садами, лагунами, водопадами. Гордость курорта- шикарный 300 метровый белоснежный пляж. Корпус отеля имеет Е-образную форму, что позволяет каждому номеру иметь вид на океан. Оформление интерьера было выполнено известными гавайскими дизайнерами. Сonrad Hotels это бренд отелей делюкс в семье Hilton Hotels cо штаб-квартирой в Брюсселе."
39,Banyan Tree Bintan 5*,https://www.tury.ru/hotel/id/40845-banyan-tree-bintan-bintan-island-indonesia?mpdf=&mpdt=&mpnf=0&mpnt=0,о.Бинтан,Индонезия,9.75,
40,Gran Bahia Principe Coba 5*,https://www.tury.ru/hotel/id/73040-gran-bahia-principe-coba-cancun-mexico?mpdf=&mpdt=&mpnf=0&mpnt=0,Канкун,Мексика,9.68,"Отель Gran Bahia Principe Coba 5* (Гран Бая Принципе Коба 5*) относится к комплексу Hacienda Dona Isabel и предлагает своим гостям одни из лучших сервисов и услуг на Карибском побережье. Расположен в живописном и очень красивом месте, совсем рядом с белоснежным пляжем. Территория отеля необычайно красива и ухожена - тропический сад, экзотические растения, благоухающие цветы. Здесь, среди теплового моря и настощего зеленого оазиса, Вы проведете незабываемое время, которое запомнится Вам надолго. От аэропорта Канкуна до отеля на машине час езды, 30 минут до пляжа Кармен, 20 минут до Тулума."
41,Centara Grand Mirage Beach Resort Pattaya 5*,https://www.tury.ru/hotel/id/73383-centara-grand-mirage-beach-resort-pattaya-wong-amat-beach-thailand?mpdf=&mpdt=&mpnf=0&mpnt=0,Вонг-Амат-Бич,Таиланд,9.49,"Отель Centara Grand Mirage Beach Resort Pattaya 5* расположен в Тайланде, в районе Вонг-Амат курорта Паттайя, в 150 км от международного аэропорта Бангкока. Отель находится в 100 метрах от пляжей Вонг-Амат-Бич и Наклуа-Бич."
42,Grecotel Royal Park hotel 5*,https://www.tury.ru/hotel/id/32884-grecotel-royal-park-hotel-kos-greece?mpdf=&mpdt=&mpnf=0&mpnt=0,Кос,Греция,9.41,"Отель состоит из центрального корпуса и небольших белых бунгало. Прекрасный песчаный пляж, живописные сады, атмосфера спокойствия и безмятежности. Ресторан, бары, бассейны, водные горки, комплекс услуг для детей, спортивно-развлекательные мероприятия, обслуживание высокого класса. Отель подойдет для незабываемого семейного отдыха."
43,Intercontinental Bali Resort 5*,https://www.tury.ru/hotel/id/41115-intercontinental-bali-resort-jimbaran-indonesia?mpdf=&mpdt=&mpnf=0&mpnt=0,Джимбаран,Индонезия,9.05,"Отель Intercontinental Bali Resort 5* входит в сеть отелей InterContinental что гарантирует высочайший уровень обслуживания и безупречный сервис! Невысокие корпуса отеля живописно расположились среди тропической растительности. В просторных, оборудованных по последним технологиям, номерах отеля - изысканные интерьеры, с отделкой из натурального дерева, изящной мебелью ручной работы, украшенные тщательно подобранными оригинальными работами местных художников, с балконов и террас открывается изумительный вид на залив, живописные бассейны и тропические сады. Этот отель считается одним из самых элегантных и роскошных на острове, а его 500-метровый пляж является лучшим на Бали т.к. в залив Jimbaran славится отсутствием приливов и отливов. Территория отеля утопает в тропической зелени, а ландшафтный дизайн выполнен в балийском и японском стиле, с множеством фонтанов, лагун и водоемов с золотыми рыбками. Символом изысканного вкуса и респектабельности являются белые и черные лебеди, величественно разгуливающие по территории отеля.Отель расположен на южном побережье курорта Jimbaran, в 10 км (15 минутах езды) от международного аэропорта Ngurah Rai в Денпасаре."
44,Leopard Beach Resort & Spa 5*,https://www.tury.ru/hotel/id/28568-leopard-beach-resort-spa-mombasa-kenya?mpdf=&mpdt=&mpnf=0&mpnt=0,Момбаса,Кения,8.80,"Отель Leopard Beach Resort & Spa (Леопард Бич Резорт энд Спа) 5* расположен на самом элегантном курорте Кении - на известном пляже Diani, в 34 км от г. Момбаса, в 45 км от аэропорта Мои. Это один из лучших отелей Кении, неоднократно получавший престижную премию World Travel Awards."
45,Marriott Sharm Resort (Beach & Mountain) 5*,https://www.tury.ru/hotel/id/3638-marriott-sharm-resort-beach-mountain-naama-bay-egypt?mpdf=&mpdt=&mpnf=0&mpnt=0,Наама-Бэй,Египет,8.55,
46,Sheraton Addis 5*,https://www.tury.ru/hotel/id/53418-sheraton-addis-addis-ababa-ethiopia?mpdf=&mpdt=&mpnf=0&mpnt=0,Аддис-Абеба,Эфиопия,8.00,"Sheraton Addis расположен в 2 400 метрах над уровнем моря, напротив Национального Дворца."
47,Grecotel Kos Imperial hotel 5*,https://www.tury.ru/hotel/id/32885-grecotel-kos-imperial-hotel-psalidi-greece?mpdf=&mpdt=&mpnf=0&mpnt=0,Псалиди,Греция,7.23,
48,ARIA Resort & Casino 5*,https://www.tury.ru/hotel/id/92609-aria-resort-casino-las-vegas-usa?mpdf=&mpdt=&mpnf=0&mpnt=0,Лас-Вегас,США,9.00,
49,Al Ain Rotana Hotel 5*,https://www.tury.ru/hotel/id/29958-al-ain-rotana-hotel-al-ain-uae?mpdf=&mpdt=&mpnf=0&mpnt=0,Аль-Айн,ОАЭ,9.00,"Отель Al Ain Rotana Hotel 5* (Аль Айн Ротана 5*) расположен в 120 км от Дубая и 160 км от Абу Даби в городе Эль-Айн, в 155 км от аэропорта г.Дубаи."
50,Bellagio 5*,https://www.tury.ru/hotel/id/66161-bellagio-las-vegas-usa?mpdf=&mpdt=&mpnf=0&mpnt=0,Лас-Вегас,США,9.00,
51,Bluebay Beach Resort 5*,https://www.tury.ru/hotel/id/57925-bluebay-beach-resort-zanzibar-tanzania?mpdf=&mpdt=&mpnf=0&mpnt=0,Занзибар,Танзания,9.00,"Отель Bluebay Beach Resort (Блюбэй Бич Резорт) 5* расположен на прекрасном широком бело-песчаном берегу острова Занзибар. Находится на самом красивом участке побережья и имеет площадь в 25 акров земли. Номера представлены в виде коттеджей с прекрасным видом на зеленые сады, бассейн, более 1,000 красивых пальм, сверкающий белый песчаный берег и голубизну моря. Коралловый риф обеспечивает необыкновенно теплое и безопасное плавание. Помимо самого великолепия чудесного Острова Специй, отель предлагает широкий выбор услуг."
52,Dreamland Luxury Villas and Spa 5*,https://www.tury.ru/hotel/id/53642-dreamland-luxury-villas-and-spa-bali-indonesia?mpdf=&mpdt=&mpnf=0&mpnt=0,о.Бали,Индонезия,9.00,"Отель The DreamLand Luxury Villas and Spa 5* (Дримлэнд Лакшери Виллас энд Спа 5*) расположен в местечке Улувату на юге полуострова всего в 15 минутах езды от международного аэропорта, рядом с культурным парком Garuda Wisnu Kencana.Отель представляет собой комплекс из 33 эксклюзивных вилл с приватными бассейнами, расположившихся на 40 000 квадратных метрах тропических садов. Дизайн вилл совмещает модные тенденции современности с влиянием традиционного балийского стиля."
53,Dusit Princess Korat 5*,https://www.tury.ru/hotel/id/69092-dusit-princess-korat-nakhon-ratchasima-city-thailand?mpdf=&mpdt=&mpnf=0&mpnt=0,г.Накхонратчасима (Корат),Таиланд,9.00,"Отель Dusit Princess Korat 5* расположен в Тайланде, в городе Накхонратчасима. Отель находится в деловом центре района Исаан. Благодаря удобному расположению отеля, можно легко добраться к наиболее популярным туристическим местам в городе."
54,Gran Bahia Principe Tulum 5*,https://www.tury.ru/hotel/id/73033-gran-bahia-principe-tulum-akumal-mexico?mpdf=&mpdt=&mpnf=0&mpnt=0,Акумаль,Мексика,9.00,"Gran Bahia Principe Tulum (Гран Бая Принципе Тулум) расположен на одном из лучших пляжей Канкуна. Дизайн отеля был полностью спроектирован мексиканским архитектором и готов принимать Вас со всей, присущей мексиканцам теплотой и радушием. При строительстве были использованы только натуральное дерево, мрамор. Отель расположен в часе езды от международного аэропорта Канкуна, 30 минутах от пляжа Кармен и 20 минутах от Тулума."
55,Grand Avenue Boutique Villas and Spa 5*,https://www.tury.ru/hotel/id/79525-grand-avenue-boutique-villas-and-spa-bali-indonesia?mpdf=&mpdt=&mpnf=0&mpnt=0,о.Бали,Индонезия,9.00,"Grand Avenue Boutique Villas and Spa 5* (Гранд Авеню Бутик Виллас энд Спа 5*) расположены в самом сердце уединенной древней деревни Kerobokan в окружении живописных рисовых полей.Дизайн вилл, вдохновленный балийской архитектурой, выполнен в современном дизайне с посредством передовых решений и отражает концепцию благородной роскоши во внутреннем и внешнем убранстве. Для Вашего удобства, каждая вилла располагает полностью оборудованной кухней, приватным бассейном, гостиной зоной и столовой, а ванная комната оснащена глубокой ванной и гибким душем. Отель предлагает к размещению 10 вилл, с одной или двумя спальнями, поэтому и молодые пары, и семьи с детьми, и большие компании имеют возможности для выбора наиболее комфортных условий."
56,Hamilton Princess & Beach Club A Fairmont Managed Hotel 5*,https://www.tury.ru/hotel/id/72031-hamilton-princess-amp-beach-club-a-fairmont-managed-hotel-hamilton-city-bermuda-bermuda?mpdf=&mpdt=&mpnf=0&mpnt=0,Гамильтон город,Бермуды,9.00,
57,Kamandalu Resort and SPA 5*,https://www.tury.ru/hotel/id/81058-kamandalu-resort-and-spa-bali-indonesia?mpdf=&mpdt=&mpnf=0&mpnt=0,о.Бали,Индонезия,9.00,Отель Kamandalu Resort and SPA 5* (Камандалу Ресорт энд Спа 5*) расположен среди живописных зеленых холмов Убуда. Этот пятизвездочный бутик-отель построен в стиле настоящей традиционной балийской деревни с элементами современного стиля. Эксклюзивный отдых во всех виллах гармонично дополняют окружающие территорию зеленые террасы рисовых полей и тропическеи леса.
58,Kayumanis Jimbaran Private Estate & Spa 5*,https://www.tury.ru/hotel/id/66829-kayumanis-jimbaran-private-estate-spa-indonesia?mpdf=&mpdt=&mpnf=0&mpnt=0,Джимбаран,Индонезия,9.00,"Отель Kayumanis Jimbaran Private Estate And Spa 5* (Каюманис Джимбаран Приват Эстэт Энд Спа 5*) - это экзотическое уединенное место, практически спрятанное среди гипнотически покачивающихся крон кокосовых деревьев в романтических объятьях близлежащего залива Jimbaran."
59,Sandals Regency La Toc Golf Resort & Spa in St Lucia - Luxury Included Vacation 4*,https://www.tury.ru/hotel/id/36461-sandals-regency-la-toc-golf-resort-spa-in-st-lucia---luxury-included-vacation-castries-saint-lucia?mpdf=&mpdt=&mpnf=0&mpnt=0,Кастри,Сент-Люсия,9.00,"Sandals Regency La Toc Golf Resort & Spa (Сэндалс Редженси Ла Ток Гольф Резорт & Спа). Парадные врата в огромный легендарный отель La Toc Estate – это только прелюдия к роскошной обстановке, которая Вас ожидает. Вы приближаетесь к отелю по пальмовой аллее. Вашему взору открываются извилистые дорожки на холмах, чудесные тропическиесады, окружающие виллы с видом на коралловые рифы и уединенный пляж в форме полумесяца. К услугам гостей 9 ресторанов и кафе, поле для игры в гольф, салон Red Lane Spa и три роскошных бассейна. Самый впечатляющий корпус на утесе Sunset Ocean Bluff – это как отель в отеле. Здесь Вы найдете двухэтажные виллы категории люкс, у каждой из которых есть свой бассейн, а также несравненные номера люкс Millionaire Suites с персональными бассейнами и панорамным обзорным видом 180 градусов на море. Добро пожаловать в это воплощение рая!"
60,Smiths at Gretna Green Hotel 4*,https://www.tury.ru/hotel/id/96919-smiths-at-gretna-green-hotel-great-britain?mpdf=&mpdt=&mpnf=0&mpnt=0,Гретна Грин,Великобритания,9.00,
61,Sofitel Marrakech Lounge and Spa 5*,https://www.tury.ru/hotel/id/69728-sofitel-marrakech-lounge-and-spa-morocco?mpdf=&mpdt=&mpnf=0&mpnt=0,Марракеш,Марокко,9.00,"Фешенебельный отель Sofitel Marrakech 5* (Софитель Марракеш 5*) расположен в самом сердце манящего города Тысячи и Одной Ночи, у подножия Атласских гор, в нескольких минутах ходьбы от медины и площади Jamaâ El Fna. Небольшое розоватое здание, построенное в традиционном мавританском стиле, разместилось на уютной площади с изумительным фонтаном, огромной клумбой и стройными рядами развесистых пальм. Пройдя сквозь уютное лобби, гости попадают в грандиозный внутренний дворик с огромным бассейном, также несущим характерные черты марокканской экзотики: внушительные свечки пальм, разместившихся на крошечных островках, легкие мостки, играющие фонтаны и зелень парка, укрывающая от полуденного зноя, создают особенное настроение этого места. Чудесные виды на сады, бассейн или далекие горы открываются из номеров гостиницы, добавляя очарования их внутреннему убранству, выполненному в золотисто-охристых тонах. Оформленные в современном стиле интерьеры отмечены легким влиянием марокканской стилистики: современная мебель, изысканные светильники, удобные письменные столы и полированные туалетные столики соседствуют с узорчатыми коврами, замысловатой мозаикой, дверьми с затейливой резьбой по дереву и оригинальными цветочными композициями, добавляющими номерам восточного колорита. Подобное же смешение ожидает и посетителей 3 ресторанов отеля, где предлагают блюда как международной, так и марокканской кухни, и 3 баров, каждый из которых оформлен в неповторимом стиле. Помимо этого к услугам гостей также: открытый бассейн с подогревом, крытый бассейн с подогревом, тренажерный зал, джакузи и паровая баня."
62,Sofitel Palais Jamai 5*,https://www.tury.ru/hotel/id/65813-sofitel-palais-jamai-fez-morocco?mpdf=&mpdt=&mpnf=0&mpnt=0,Фес,Марокко,9.00,"Отель Sofitel Palais Jamai 5* (Софитель Палаис Джамай 5*) находится в исторической части города и представляет собой восхитительное здание, настоящее произведение мароканского искусства. Здание отеля было построено еще в 1879 году, и не раз с тех пор меняло хозяев и свое предназначение. Сегодня здесь находится люксовый пятизвездочный гостиничный комплекс, готовый удовлетворить желания даже самых взыскательных гостей."
63,Taj Pamodzi 5*,https://www.tury.ru/hotel/id/70400-taj-pamodzi-lusaka-zambia?mpdf=&mpdt=&mpnf=0&mpnt=0,Лусака,Замбия,9.00,"Отличный отель Taj Pamodzi 5* (Тадж Памодзи 5*) расположен в деловом районе Лусаки, всего в 22 км от международного аэропорта, и в 5 км от историческогоцентра города. Отель ориентирован на бизнес контингент и предоставлляет своим гостям различные для этого возможности."
64,The Strand Yangon 5*,https://www.tury.ru/hotel/id/85589-the-strand-yangon-myanmar?mpdf=&mpdt=&mpnf=0&mpnt=0,Янгон,Мьянма,9.00,
65,The Westin Excelsior Rome 5*,https://www.tury.ru/hotel/id/60513-the-westin-excelsior-rome-italy?mpdf=&mpdt=&mpnf=0&mpnt=0,Рим,Италия,9.00,"The Westin Excelsior Rome 5* знаменит своим непревзойденным сервисом и выгодным расположением в самом сердце Рима, в 23 км от международного аэропорта имени Леонардо да Винчи. С 1906 года он принимает знаменитостей из мира шоу-бизнеса и политиков, приезжающих в Вечный Город. Отель внесен в Золотой Список справочника Conde Nast Traveler за 2007 год. Также стоит отметить, что номер Villa La Cupola после ремонта стоимостью в 7 млн. долларов стал самым большим номером люкс в Европе.Ближайшие достопримечательности: площадь Испании - 0.5 км, Фонтан Треви - 2 км, Палатин - 3 км, Пантеон - 3 км, Колизей - 3 км, Площадь Навона - 3 км, Римский Форум - 3 км."
66,Badian Island Resort and SPA 5*,https://www.tury.ru/hotel/id/36329-badian-island-resort-and-spa-cebu-island-philippines?mpdf=&mpdt=&mpnf=0&mpnt=0,Себу (остров),Филиппины,9.30,"Отель Badian Island Resort and SPA 5* (Бадиан Айланд Резорт энд СПА 5*) - живописно расположен на экзотическом побережье залива Бадиан на юго-западной оконечности острова Себу. Выходящие на белый песчаный пляж, 42 роскошных и просторных сюита (включая Виллы с Бассейном!) построены на 8 гектарах тропических садов. При встрече всем гостям предлагаются осовежающие коктейли, а в номере ждет цветочная ванна. Отсутствие загрязнений и чистый воздух позволяют отдыхающим безмятежно наблюдать за звездами и луной так, как будто они совсем близко. Чарующие виды залива Бадиан и гор высотой до 1000 метров - вся эта нетронутая природа острова и его окрестностей - идеальная атмосфера для релаксации. Всего в 5 минутах на лодке находится чудесный Коралловый Сад с восхитительным подводным миром."
67,InterContinental Mauritius Resort Balaclava Fort 5*,https://www.tury.ru/hotel/id/69715-intercontinental-mauritius-resort-balaclava-fort-grand-bay-grand-baie-mauritius?mpdf=&mpdt=&mpnf=0&mpnt=0,Гранд Бэй,Маврикий,8.00,
68,Bintan Lagoon Resort 5*,https://www.tury.ru/hotel/id/44889-bintan-lagoon-resort-bintan-island-indonesia?mpdf=&mpdt=&mpnf=0&mpnt=0,о.Бинтан,Индонезия,7.00,"Отель Bintan Lagoon Resort 5* (Бинтан Лагун Ресорт 5*) расположен на северо-западном побережье острова Бинтан.Трансфер из Сингапура составляет 1 час 20 минут – 55 минут на катамаране до острова и 25 минут на автомобиле от причала до отеля.Стильно оформленные виллы - идеальное место для семейного отдыха и совместного отдыха с друзьями.Резная мебель из красного дерева, традиционные индонезийские ткани и изделия мастеров используются во внутреннем убранстве вилл."
69,Asimina Suites Hotel Constantiniou Bros 5*,https://www.tury.ru/hotel/id/90667-asimina-suites-hotel-constantiniou-bros-paphos-town-cyprus?mpdf=&mpdt=&mpnf=0&mpnt=0,Пафос (город),Кипр,8.00,"Добро пожаловать в новую эпоху!Вознаграждая преданность наших ценных клиентов, мы имеем честь представить очаровательный мир нового отеля Constantinou Bros Asimina Suites (Асмина Сьютс) 5*, роскошного 5-звёздочного отеля с многокомнатными номерами.Совершенно новый дизайн номеров сюитс предлагает максимально высокий уровень удобств, в соответствии с гостеприимством и первоклассным окружением. Откройте для себя чудеса полнейшей роскоши и порадуйте себя отдыхом в мраморной ванне, современными красотами дизайна и изящного декора этих изысканных номеров сюитс."
70,Karma Kandara Villa 5*,https://www.tury.ru/hotel/id/66832-karma-kandara-villa-bali-indonesia?mpdf=&mpdt=&mpnf=0&mpnt=0,о.Бали,Индонезия,8.00,"Отель Karma Kandara 5* (Карма Кандара 5*) расположен на вершине прибрежных холмов в западной части полуострова Букит, южной части острова Бали, в 20-ти минутах езды на автомобиле от аэропорта города Кута - самой популярной туристической зоне острова. В переводе с санскрита слово ""Kandara"" означает ""пещерный храм"". Название говорит само за себя, поскольку из окон всех 46 эксклюзивных роскошных вилл открывается панорамный вид на кристалльно чистые лазурные воды Индийского океана и пляж с песком медового цвета. Красота окружающей природы ни с чем не сравнима - вдали поднимается священная гора Агунг, а рядом расположен один из самых известный балийских храмов - Улувату. Волшебными морскими пейзажами можно также любоваться и из окон ресторана отеля, устроившегося на самой вершине холма."
71,La Tour Hassan 5*,https://www.tury.ru/hotel/id/64122-la-tour-hassan-rabat-morocco?mpdf=&mpdt=&mpnf=0&mpnt=0,Рабат,Марокко,8.00,Отель La Tour Hassan 5* (Ла Тур Хассан 5*) считается одним из лучших в Рабате. Расположен в центре города. Здание выполнено в мароканском стиле.
72,Le Royal Mansour Meridien 5*,https://www.tury.ru/hotel/id/69768-le-royal-mansour-meridien-casablanca-morocco?mpdf=&mpdt=&mpnf=0&mpnt=0,Касабланка,Марокко,8.00,"Отель Le Royal Mansour Meridien 5* (Ле Рояль Мансур Меридьен 5*) расположен на avenue de l Armee Royale в деловом и торговом квартале города, недалеко от порта и Старого Города. Остановившись здесь, вы очутитесь в самом центре бурлящей финансовой столицы королевства Марокко, в нескольких шагах от узких улочек исторического центра, традиционных белоснежных домов и памятников культурного наследия страны, а также сможете в полной мере насладиться динамичным ритмом жизни современного города, посетить многочисленные бутики и магазины, рестораны и кафе, ночные клубы и бары. С какой бы целью вы не прибыли в Касабланку, в Le Royal Mansour Meridien вы найдете все необходимое для приятного отдыха и разнообразного времяпрепровождения. Подобно городу, в котором старинная медина сосуществует с грандиозными небоскребами, бизнес центрами и мерцающими тысячами огней ночными заведениями, отель также сочетает современные технические новинки и другие атрибуты комфорта международного класса с исконно марокканскими традициями, безупречным сервисом и беспримерным радушием."
73,Nairobi Safari Club 5*,https://www.tury.ru/hotel/id/69506-nairobi-safari-club-nairobi-kenya?mpdf=&mpdt=&mpnf=0&mpnt=0,Найроби,Кения,8.00,"Отель Nairobi Safari Club 5* (Найроби Сафари Клаб 5*) построен в 1984 году, является единственным отелем в столице Кении, где все номера относятся к классу люкс. Белоснежное 16-этажное здание расположено недалеко от деловых районов, торговых центров и различных достопримечательностей Найроби. Гостям не потребуется много времени, чтобы добраться до Центрального городского парка Найроби, музеев и галерей, театров, а также многочисленных ресторанов, клубов и казино. До 2001 года в отеле действовала закрытая клубная система, но сейчас он открыт для всех. Отель оформлен в классическом стиле, а оригинальные предметы интерьера придают неповторимый африканский колорит. Отель расположен в Найроби, в 45 минутах езды от международного аэропорта Jomo Kenyatta и в 20 минутах от аэропорта Wilson."
74,Occidental Grand Aruba - All Inclusive Resort 5*,https://www.tury.ru/hotel/id/42955-occidental-grand-aruba---all-inclusive-resort-palm-beach-aruba?mpdf=&mpdt=&mpnf=0&mpnt=0,Палм-Бич,Аруба,8.00,Occidental Grand Aruba Hotel 5* (Оксидетал Гранд Аруба Отель 5*) построили на нетронутых белых песках знаменитого пляжа Палм-Бич.
75,Stone Bridge 5*,https://www.tury.ru/hotel/id/69253-stone-bridge-skopje-city-macedonia?mpdf=&mpdt=&mpnf=0&mpnt=0,Скопье (город),Македония,8.00,"Передать и пережить незабываемые моменты в соединении культур Востока, Средиземноморья, Балкан и Европы поможет вам уникальный опыт отеля Stone Bridge (Стоун Бридж), расположенного в самом центре города, где прошлое встречается с настоящим, а традиции с повседневной жизнью. Утонченная архитектура, аристократическая грация и роскошь - этот отель по достоинству считается гордостью Скопье.От входа в отель до фойе, от баров и ресторан до номеров здесь все создает уникальное визуальное пространство, где чувствуется влияние Австро-Венгрии и Турции с их сиянием гламура и традиционными элементами культуры в сочетании с современным дизайном. Гармония формы и цвета создает непередаваемое ощущение. Интерьер отеля с элегантными композициями из мрамора, стекла, кристаллов и дерева создает чудесную, теплую и удивительную атмосферу. Если вы ищите место, где соединяются история и гостеприимство, то непременно должны остановиться в одном из номеров этого отеля."
76,The Waldorf Hilton 5*,https://www.tury.ru/hotel/id/85697-the-waldorf-hilton-greater-london-great-britain?mpdf=&mpdt=&mpnf=0&mpnt=0,Большой Лондон,Великобритания,8.00,"The Waldorf Hilton 5* (Валдорф Хилтон 5*) - роскошный отель, расположенный в Уэст-Энде Лондона, в 5 минутах от фантастических возможностей шоппинга в Ковент Гарден. Гости отеля могут наслаждаться изысканными обедами в ресторане Homage Grand Salon, заниматься в тренажерном зале или плавать в бассейне. Для ведения бизнеса отель предлагает 7 просторных, полностью оснащенных конференц-залов. Самы знаменитые лондонские достопримечательности расположены в радиусе 1 мили, поэтому Вы можете запросто посетить Трафальгарскую площадь, London Eye или представление в театре, не потратив много времени на дорогу."
77,Grand Hotel Plaza 5*,https://www.tury.ru/hotel/id/64309-grand-hotel-plaza-rome-italy?mpdf=&mpdt=&mpnf=0&mpnt=0,Рим,Италия,7.00,
78,Sheraton Club des Pins Resort and Towers 5*,https://www.tury.ru/hotel/id/71224-sheraton-club-des-pins-resort-and-towers-alger-city-algeria?mpdf=&mpdt=&mpnf=0&mpnt=0,Алжир (город),Алжир,7.00,"Отель Sheraton Club des Pins Resort and Towers (Шератон Клаб де Пин Резорт энд Тауэрс) является единственным отелем в столице Алжира, расположенным на побережье. Это один из самых лучших отелей страны. Расположен в западной части города. Отель находится недалеко от основных достопримечательностей столицы."
79,Attaleia Shine Tennis Spa Luxury 5*,https://www.tury.ru/hotel/id/54995-attaleia-shine-tennis-spa-luxury-belek-turkey?mpdf=&mpdt=&mpnf=0&mpnt=0,Белек,Турция,7.60,"Attaleia Shine Luxury Hotel – новый уникальный элитный отель, где окунаешься в подлинную роскошь, а отдых становится истинным наслаждением. Открытый в 2008 году, он занимает площадь 80 000 кв. м. Отель предназначен для гостей VIP класса, является настоящим символом изысканности и богатства. Это шикарный отель, предлагающий эксклюзивный сервис и первоклассную кухню, он олицетворяет традиции дворцового стиля. Отельный комплекс состоит из двух 5-ти и 6-этажных зданий, соединенных между собой, каждое из которых оснащено 2 панорамными лифтами."
80,Rabat 5*,https://www.tury.ru/hotel/id/64121-rabat-rabat-morocco?mpdf=&mpdt=&mpnf=0&mpnt=0,Рабат,Марокко,6.00,
81,Alfajiri Villas and House 5*,https://www.tury.ru/hotel/id/69459-alfajiri-villas-and-house-mombasa-kenya?mpdf=&mpdt=&mpnf=0&mpnt=0,Момбаса,Кения,10.0,"Отель Alfajiri Villas and House (Алфаджири Виллас энд Хаус) 5* расположен на берегу Индийского океана, на знаменитом пляже Diani Beach, в часе перелета на самолете от Момбасы. Alfajiri Villas – частный отель, принадлежащий Фабрицио Молинаро, итальянцу, вот уже более 20 лет живущему в Кении. Отель состоит из трех больших комфортабельных вилл, расположенных в окружении сада из тропический растений и пальмовых деревьев."
82,Jumeirah Zabeel Saray 5*,https://www.tury.ru/hotel/id/98844-jumeirah-zabeel-saray-palm-jumeirah-uae?mpdf=&mpdt=&mpnf=0&mpnt=0,Пальма Джумейра,ОАЭ,10.0,"Jumeirah Zabeel Saray Hotel 5* (Джумейра Зэбил Сарай Отель 5*) расположен в западной части Пальм Джумейра (Palm Jumeirah) в Дубае и является по-настоящему роскошным пляжным отелем.Jumeirah Zabeel Saray - этот отель-дворец, предлагает своим гостям поистине королевский прием в самых лучших традициях турецкого гостеприимства. Величественная архитектура великолепной эпохи Османской империи, с колоннами и куполами, роскошные виллы и номера, широчайшие возможности инфраструктуры, волнующие виды на Аравийский залив и впечатляющие горизонты Дубая создают все условия для уникального изысканного отдыха."
83,Kupu Kupu Barong Villas & Spa by LOccitane 5*,https://www.tury.ru/hotel/id/50764-kupu-kupu-barong-villas-spa-by-loccitane-ubud-indonesia?mpdf=&mpdt=&mpnf=0&mpnt=0,Убуд,Индонезия,10.0,
84,Sandals Negril Beach Resort & Spa 5*,https://www.tury.ru/hotel/id/36200-sandals-negril-beach-resort-spa-jamaica?mpdf=&mpdt=&mpnf=0&mpnt=0,Негрил,Ямайка,10.0,"Sandals Negril Beach Resort & Spa (Сандалс Негрил Бич Резорт & Спа) расположен на самой длинной и самой лучшей части знаменитого семимильного пляжа курортного района Негрил. Наслаждаясь свободой и элегантностью на босу ногу, влюбленные окунутся в расслабленную романтическую атмосферу этого шикарного отеля. Основным видом спорта здесь является дайвинг, которому можно предпочесть разве что наслаждение музыкой Боба Марли с бокалом коктейля Rumrunner в руке. Чрезвычайной популярностью пользуются также блюда 6 изысканных ресторанов и процедуры в салоне Red Lane Spa. Исключительно разнообразны категории номеров: курорт предлагает несравненные двухэтажные номера люксы Loft Suites, роскошные Plantation Suites и Beachfront Swim-Up River Suites, где Ваш персональный бассейн начинается прямо у дверей номера. Обстановку тропической роскоши внутри дополняют 2 плазменных телевизора и изящная мебель в стиле колониальной эпохи. Расслабьтесь и отдохните в самом ярком и беспечном уголке Ямайки!"
85,The Montcalm,https://www.tury.ru/hotel/id/34204-the-montcalm-greater-london-great-britain?mpdf=&mpdt=&mpnf=0&mpnt=0,Большой Лондон,Великобритания,10.0,Отель-бутик The Montcalm (Монткалм) расположен в центре Лондона рядом с Мраморной Аркой и Гайд-Парком на тихой боковой улице.
86,Bali Hyatt 5*,https://www.tury.ru/hotel/id/18734-bali-hyatt-bali-indonesia?mpdf=&mpdt=&mpnf=0&mpnt=0,о.Бали,Индонезия,9.86,"Bali Hyatt 5* (Бали Хайят 5*) - один из первых отелей построенных на Бали, расположен на восточном побережье острова, на 6 километровом пляже Sanur Beach (Санур Бич), в 20 минутах езды (15 км) от аэропорта и в 10 минутах езды от столицы Бали - Денпасара.Комплекс Bali Hyatt, расположившийся на 14,5 га тропического сада на побережье Индийского океана построен в традиционном балинезийском стиле состоит из 3 корпусов основного здания, названных именами прекрасных тропических цветов: Hibiscus, Frangipani и Bougainvillea, а также клубного корпуса Regency Club с собственной стойкой регистрации и клубной гостиной, в которой для гостей клубных номеров сервируется завтрак, послеобеденный чай и вечерние коктейли.Элегантные строения с соломенными крышами, задуманные в стиле традиционной балинезийской деревни, укрылись в тени роскошного тропического сада и окружены заросшими лотосом искусственными прудами и бассейнами.В отеле есть все необходимое для отдыха с детьми, занятий разнообразными видами спорта и развлечений, а также организации массовых мероприятий и роскошных свадебных церемоний и торжеств."
87,Gran Bahia Principe Turquesa 5*,https://www.tury.ru/hotel/id/73031-gran-bahia-principe-turquesa-punta-cana-dominican-republic?mpdf=&mpdt=&mpnf=0&mpnt=0,Пунта-Кана,Доминикана,9.50,"Отель Gran Bahia Principe Turquesa 5* рассчитан на самых взыскательных клиентов, которым важен высокий уровень индивидуального сервиса в сочетании с комфортом. Отель принадлежит комплексу Gran Bahia Principe Bavaro Resort. От основного комплекса отличается наличием отдельного ресторана и бассейна, закрытых для других. Отель идеально подходит для спокойного отдыха и для медового месяца. Почувствуйте свой статус в этом по-настоящему королевском раю! Отель находится в 30 минутах езды от аэропорта Punta Cana и в 120 минутах езды от аэропорта La Romana."
88,Neptune Pwani Beach Resort & Spa 5*,https://www.tury.ru/hotel/id/60171-neptune-pwani-beach-resort-spa-zanzibar-tanzania?mpdf=&mpdt=&mpnf=0&mpnt=0,Занзибар,Танзания,9.27,"Отель Neptune Pwani Beach Resort & Spa 5* (Нептьюн Пвани Бич резорт энд СПА 5*) - новый, построен в апреле 2007 года, расположен на восточном побережье Занзибара, в 40 км от аэропорта, 45 минут езды от Стоун Таун."
89,Grecotel Creta Palace 5*,https://www.tury.ru/hotel/id/56398-grecotel-creta-palace-crete-greece?mpdf=&mpdt=&mpnf=0&mpnt=0,Крит,Греция,9.15,
90,Anantara Muine Resort & Spa 5*,https://www.tury.ru/hotel/id/66191-anantara-muine-resort-amp-spa-mui-ne-vietnam?mpdf=&mpdt=&mpnf=0&mpnt=0,Муйне,Вьетнам,9.12,
91,Danieli 5*,https://www.tury.ru/hotel/id/70007-danieli-venice-italy?mpdf=&mpdt=&mpnf=0&mpnt=0,Венеция,Италия,8.00,"Danieli 5* - один из лучших отелей Венеции, расположенный на престижной улице Рива дель Счиавони и в 6 км от аэропорта Marco Polo. В 2007 году он был внесен в Золотой Список справочника Conde Nast Traveler. Здание отеля Danieli хранит в себе многовековую историю. Оно было построено в XIV веке и некогда было домом семьи дожа Дандоло. Тонкотканые ковры, люстры из муранского стекла, резные колонны из розового мрамора, витражи, высокие потолки, украшенные золотыми листьями, подчеркивают величие лестницы фойе. За резными дверями вас ждут булыжные мостовые, знаменитые каналы и Площадь Святого Марка. Престижное окружение, античная мебель, комфорт 225 гостевых номеров отражают богатую культуру города."
92,Atrium Prestige Thalasso Spa Resort and Villas 5*,https://www.tury.ru/hotel/id/70944-atrium-prestige-thalasso-spa-resort-and-villas-rhodes-greece?mpdf=&mpdt=&mpnf=0&mpnt=0,Родос,Греция,6.73,"Отель Atrium Prestige Thalasso Spa Resort and Villas (Атриум Престиж Талассо СПА Резорт энд Виллас) 5* расположен на юго-востоке о-ва Родос, в 75 км от г. Родос и главного порта, в районе Лаханья, на уединенном песчаном пляже в окружении девственной природы. Расстояние до Прассониси - рая для виндсерферов - 18 км, до г. Линдоса - исторического и культурного центра – 30 км. Аэропорт находится примерно в 77 км."
93,Amandari 5*,https://www.tury.ru/hotel/id/75712-amandari-bali-indonesia?mpdf=&mpdt=&mpnf=0&mpnt=0,о.Бали,Индонезия,,
94,Amankila 5*,https://www.tury.ru/hotel/id/69179-amankila-bali-indonesia?mpdf=&mpdt=&mpnf=0&mpnt=0,о.Бали,Индонезия,,
95,Aruba Marriott Resort and Stellaris Casino,https://www.tury.ru/hotel/id/42953-aruba-marriott-resort-and-stellaris-casino-palm-beach-aruba?mpdf=&mpdt=&mpnf=0&mpnt=0,Палм-Бич,Аруба,,"Aruba Marriott Resort and Stellaris Casino Hotel 5s*(Аруба Марриотт Резорт энд Стелларис Казино Отель 5s*)- расположился вдоль бирюзового Карибского моря, на пляже Палм-Бич, недалеко от магазинов и исторического центра.Не так давно Aruba Marriott Resort and Stellaris Casino был реконструирован. Полностью переделанные номера, одни из самых просторных на Арубе. Отель предлагает повышенные удобства, включая всемирно известное Ruth's Chris Steak House, Mandara Spa с острова Бали и 24-часовую работу казино Stellaris."
96,Bedarra Island Resort 5*,https://www.tury.ru/hotel/id/62323-bedarra-island-resort-bedarra-island-australia?mpdf=&mpdt=&mpnf=0&mpnt=0,Бидарра Айленд,Австралия,,"Эксклюзивный отель Bedarra Island Resort 5* расположен на острове Bedarra на северо-восточном побережье, между Таунсвиллем и Кейрнсом, по соседству с островом Dunk, в окружении уникального тропического леса. Максимально возможное число гостей на острове – 32 человека, которые с комфортом могут разместиться на 16 уединенно стоящих виллах, спрятанных за тропическими деревьями от посторонних глаз и находящихся всего в нескольких минутах ходьбы от пляжа."
97,Beverly Hills 5*,https://www.tury.ru/hotel/id/45269-beverly-hills-durban-rsa?mpdf=&mpdt=&mpnf=0&mpnt=0,Дурбан,ЮАР,,"Отель Beverly Hills 5* (Беверли Хиллз 5*) - предоставляет своим гостям отличный сервис класса люкс. Расположен на побережье Индийского океана, на песчанном, мало изведанном туристами пляже."
98,Brisbane Hilton 5*,https://www.tury.ru/hotel/id/69098-brisbane-hilton-brisbane-australia?mpdf=&mpdt=&mpnf=0&mpnt=0,Брисбен,Австралия,,
99,Calistoga Ranch 5*,https://www.tury.ru/hotel/id/90912-calistoga-ranch-california-usa?mpdf=&mpdt=&mpnf=0&mpnt=0,Калифорния,США,,"Calistoga Ranch (Калистога Ранч) является лучшим винным отелем (по оценкам Mr and Mrs Smith). Он находится в долине Напа - сердце виноделия в США. Calistoga Ranch - это 48 уютных бунгало, окутанных со всех сторон дубами и соснами. Винная карта местного ресторана по количеству страниц может поспорить с произведениями известных писателей. Именно её чтение - главное здешние развлечение! Ведь люди приезжают сюда именно ради вина. Желающие даже могут присоединиться к сбору урожая или обрезке лозы."
